{"cameraMode":{"drawMode":2,"name":"Shaded Wireframe","section":"Shading Mode"},"sceneLighting":false,"audioPlay":false,"sceneViewState":{"showFog":true,"showMaterialUpdate":true,"showSkybox":false,"showFlares":true,"showImageEffects":true,"showParticleSystems":true},"in2DMode":false,"pivot":{"x":-5.9420905113220219,"y":-0.012090682983398438,"z":256.22357177734377},"rotation":{"x":-0.1937675178050995,"y":0.3701508939266205,"z":-0.07924668490886688,"w":-0.9050759673118591},"size":9.821273803710938,"orthographic":false}