{"cameraMode":{"drawMode":0,"name":"Shaded","section":"Shading Mode"},"sceneLighting":false,"audioPlay":false,"sceneViewState":{"showFog":true,"showMaterialUpdate":false,"showSkybox":false,"showFlares":true,"showImageEffects":true,"showParticleSystems":true},"in2DMode":false,"pivot":{"x":144.1251220703125,"y":345.763427734375,"z":-93.654541015625},"rotation":{"x":0.0005580156575888395,"y":0.9856112003326416,"z":-0.16899606585502625,"w":0.003252039896324277},"size":22.0,"orthographic":false}