{"cameraMode":{"drawMode":0,"name":"Shaded","section":"Shading Mode"},"sceneLighting":false,"audioPlay":false,"sceneViewState":{"showFog":true,"showMaterialUpdate":false,"showSkybox":false,"showFlares":true,"showImageEffects":true,"showParticleSystems":true},"in2DMode":false,"pivot":{"x":1.3385543823242188,"y":6.457438945770264,"z":4.689609527587891},"rotation":{"x":0.0005580156575888395,"y":0.9856112003326416,"z":-0.16899606585502625,"w":0.003252039896324277},"size":98.65876770019531,"orthographic":false}