{"cameraMode":{"drawMode":2,"name":"Shaded Wireframe","section":"Shading Mode"},"sceneLighting":false,"audioPlay":false,"sceneViewState":{"showFog":true,"showMaterialUpdate":true,"showSkybox":false,"showFlares":true,"showImageEffects":true,"showParticleSystems":true},"in2DMode":false,"pivot":{"x":0.5618011951446533,"y":0.14001286029815675,"z":-1.22316575050354},"rotation":{"x":0.12945695221424104,"y":0.5292440056800842,"z":-0.08210089057683945,"w":0.8345064520835877},"size":4.588830471038818,"orthographic":false}