{"cameraMode":{"drawMode":0,"name":"Shaded","section":"Shading Mode"},"sceneLighting":true,"audioPlay":false,"sceneViewState":{"showFog":true,"showMaterialUpdate":true,"showSkybox":true,"showFlares":true,"showImageEffects":true,"showParticleSystems":true},"in2DMode":false,"pivot":{"x":223.69155883789063,"y":-6.087158679962158,"z":341.28875732421877},"rotation":{"x":0.34452754259109499,"y":0.3381766080856323,"z":-0.13464374840259553,"w":0.8653372526168823},"size":15.647862434387207,"orthographic":false}